{"Mods":[{"Author":"Goonsack","Name":"Savage Attacker Variants - Standalone","Folder":"Savage Attacker Variants","Version":"36169534507319296","Description":"Variations of the Savage Attacker Feat, including options for unarmed, ranged/thrown and spells. Does not overwrite the vanilla Savage Attacker Feat.","UUID":"844648b9-c130-4f96-8742-629d155fc809","Created":"2026-01-16T08:10:15.769874+11:00","Dependencies":[],"Group":"e16f13ac-da8a-41ca-90de-c805fa04af5e"}],"MD5":"efb81a3c614b592009fa8f274323c099"}